{
	"credit": "Made with Blockbench",
	"parent": "carved_pumpkin",
	"texture_size": [64, 64],
	"textures": {
		"0": "minecraft:minepack/bicorn",
		"particle": "minecraft:minepack/bicorn"
	},
	"elements": [
		{
			"from": [7, 0, 0],
			"to": [9, 0.5, 16],
			"rotation": {"angle": 0, "axis": "y", "origin": [7, 0, 0]},
			"faces": {
				"north": {"uv": [7.75, 3.25, 8.25, 3.5], "texture": "#0"},
				"east": {"uv": [6, 1.5, 10, 1.75], "texture": "#0"},
				"south": {"uv": [7.75, 3.5, 8.25, 3.75], "texture": "#0"},
				"west": {"uv": [6, 1.75, 10, 2], "texture": "#0"},
				"up": {"uv": [2, 6.5, 1.5, 2.5], "texture": "#0"},
				"down": {"uv": [2.5, 2.5, 2, 6.5], "texture": "#0"}
			}
		},
		{
			"from": [7, 0.5, 0],
			"to": [7.3, 0.95, 16],
			"rotation": {"angle": 0, "axis": "y", "origin": [7, 0.5, 0]},
			"faces": {
				"north": {"uv": [2.5, 8.25, 2.75, 8.5], "texture": "#0"},
				"east": {"uv": [6, 2, 10, 2.25], "texture": "#0"},
				"south": {"uv": [2.75, 8.25, 3, 8.5], "texture": "#0"},
				"west": {"uv": [6, 4.5, 10, 4.75], "texture": "#0"},
				"up": {"uv": [4.25, 9.75, 4, 5.75], "texture": "#0"},
				"down": {"uv": [4.5, 6, 4.25, 10], "texture": "#0"}
			}
		},
		{
			"from": [7, 1.05, 13],
			"to": [7.3, 2, 15.9],
			"rotation": {"angle": 22.5, "axis": "x", "origin": [7, 2, 13]},
			"faces": {
				"north": {"uv": [8.25, 4.25, 8.5, 4.5], "texture": "#0"},
				"east": {"uv": [7.25, 0, 8, 0.25], "texture": "#0"},
				"south": {"uv": [5.75, 8.25, 6, 8.5], "texture": "#0"},
				"west": {"uv": [0.25, 7.25, 1, 7.5], "texture": "#0"},
				"up": {"uv": [7.5, 1, 7.25, 0.25], "texture": "#0"},
				"down": {"uv": [7.5, 3.75, 7.25, 4.5], "texture": "#0"}
			}
		},
		{
			"from": [8.7, 1.05, 13],
			"to": [9, 2, 15.9],
			"rotation": {"angle": 22.5, "axis": "x", "origin": [8.7, 2, 13]},
			"faces": {
				"north": {"uv": [6, 8.25, 6.25, 8.5], "texture": "#0"},
				"east": {"uv": [7.25, 1, 8, 1.25], "texture": "#0"},
				"south": {"uv": [6.25, 8.25, 6.5, 8.5], "texture": "#0"},
				"west": {"uv": [7.25, 1.25, 8, 1.5], "texture": "#0"},
				"up": {"uv": [7.5, 7.75, 7.25, 7], "texture": "#0"},
				"down": {"uv": [0.5, 7.5, 0.25, 8.25], "texture": "#0"}
			}
		},
		{
			"from": [7, 1.05, 0.1],
			"to": [7.3, 2, 3],
			"rotation": {"angle": -22.5, "axis": "x", "origin": [7, 2, 3]},
			"faces": {
				"north": {"uv": [8.25, 6.75, 8.5, 7], "texture": "#0"},
				"east": {"uv": [7.5, 0.5, 8.25, 0.75], "texture": "#0"},
				"south": {"uv": [7, 8.25, 7.25, 8.5], "texture": "#0"},
				"west": {"uv": [7.5, 0.75, 8.25, 1], "texture": "#0"},
				"up": {"uv": [2, 8.25, 1.75, 7.5], "texture": "#0"},
				"down": {"uv": [2.25, 7.5, 2, 8.25], "texture": "#0"}
			}
		},
		{
			"from": [8.7, 1.05, 0.1],
			"to": [9, 2, 3],
			"rotation": {"angle": -22.5, "axis": "x", "origin": [8.7, 2, 3]},
			"faces": {
				"north": {"uv": [8.25, 6.5, 8.5, 6.75], "texture": "#0"},
				"east": {"uv": [7.5, 0.25, 8.25, 0.5], "texture": "#0"},
				"south": {"uv": [6.75, 8.25, 7, 8.5], "texture": "#0"},
				"west": {"uv": [0.5, 7.5, 1.25, 7.75], "texture": "#0"},
				"up": {"uv": [1.5, 8.25, 1.25, 7.5], "texture": "#0"},
				"down": {"uv": [1.75, 7.5, 1.5, 8.25], "texture": "#0"}
			}
		},
		{
			"from": [8.7, 0.5, 0],
			"to": [9, 0.95, 16],
			"rotation": {"angle": 0, "axis": "y", "origin": [8.5, 0.5, 0]},
			"faces": {
				"north": {"uv": [3, 8.25, 3.25, 8.5], "texture": "#0"},
				"east": {"uv": [6, 4.75, 10, 5], "texture": "#0"},
				"south": {"uv": [3.25, 8.25, 3.5, 8.5], "texture": "#0"},
				"west": {"uv": [6, 5, 10, 5.25], "texture": "#0"},
				"up": {"uv": [4.75, 10, 4.5, 6], "texture": "#0"},
				"down": {"uv": [5, 6, 4.75, 10], "texture": "#0"}
			}
		},
		{
			"from": [6.5, 0, 3],
			"to": [9.5, 1, 13],
			"rotation": {"angle": 0, "axis": "y", "origin": [7, 0, 7]},
			"faces": {
				"north": {"uv": [2.5, 4.5, 3.25, 4.75], "texture": "#0"},
				"east": {"uv": [1, 6.5, 3.5, 6.75], "texture": "#0"},
				"south": {"uv": [2.5, 4.75, 3.25, 5], "texture": "#0"},
				"west": {"uv": [6.5, 5.25, 9, 5.5], "texture": "#0"},
				"up": {"uv": [4, 2.5, 3.25, 0], "texture": "#0"},
				"down": {"uv": [4.25, 2.5, 3.5, 5], "texture": "#0"}
			}
		},
		{
			"from": [6.5, 1, 3],
			"to": [7.3, 2, 13],
			"rotation": {"angle": 0, "axis": "y", "origin": [7, 1, 7]},
			"faces": {
				"north": {"uv": [8.25, 3.25, 8.5, 3.5], "texture": "#0"},
				"east": {"uv": [6.5, 5.5, 9, 5.75], "texture": "#0"},
				"south": {"uv": [8.25, 3.5, 8.5, 3.75], "texture": "#0"},
				"west": {"uv": [6.5, 5.75, 9, 6], "texture": "#0"},
				"up": {"uv": [5.25, 8.5, 5, 6], "texture": "#0"},
				"down": {"uv": [5.5, 6, 5.25, 8.5], "texture": "#0"}
			}
		},
		{
			"from": [6.5, 2, 4.2],
			"to": [7.3, 4.8, 11.8],
			"rotation": {"angle": 0, "axis": "y", "origin": [7, 1, 7]},
			"faces": {
				"north": {"uv": [6.25, 6.75, 6.5, 7.5], "texture": "#0"},
				"east": {"uv": [4, 0, 6, 0.75], "texture": "#0"},
				"south": {"uv": [6.75, 7, 7, 7.75], "texture": "#0"},
				"west": {"uv": [4, 0.75, 6, 1.5], "texture": "#0"},
				"up": {"uv": [1.25, 5, 1, 3], "texture": "#0"},
				"down": {"uv": [1.5, 3, 1.25, 5], "texture": "#0"}
			}
		},
		{
			"from": [6.5, 2, 11],
			"to": [7.3, 5, 13],
			"rotation": {"angle": -22.5, "axis": "x", "origin": [7, 2, 13]},
			"faces": {
				"north": {"uv": [7, 7, 7.25, 7.75], "texture": "#0"},
				"east": {"uv": [6.75, 0, 7.25, 0.75], "texture": "#0"},
				"south": {"uv": [0, 7.25, 0.25, 8], "texture": "#0"},
				"west": {"uv": [6.75, 0.75, 7.25, 1.5], "texture": "#0"},
				"up": {"uv": [3.5, 5, 3.25, 4.5], "texture": "#0"},
				"down": {"uv": [8, 3.75, 7.75, 4.25], "texture": "#0"}
			}
		},
		{
			"from": [8.7, 2, 11],
			"to": [9.5, 5, 13],
			"rotation": {"angle": -22.5, "axis": "x", "origin": [9.2, 2, 13]},
			"faces": {
				"north": {"uv": [2.5, 7.5, 2.75, 8.25], "texture": "#0"},
				"east": {"uv": [1, 6.75, 1.5, 7.5], "texture": "#0"},
				"south": {"uv": [2.75, 7.5, 3, 8.25], "texture": "#0"},
				"west": {"uv": [1.5, 6.75, 2, 7.5], "texture": "#0"},
				"up": {"uv": [6, 8.25, 5.75, 7.75], "texture": "#0"},
				"down": {"uv": [6.25, 7.75, 6, 8.25], "texture": "#0"}
			}
		},
		{
			"from": [6.5, 2, 3],
			"to": [7.3, 5, 5],
			"rotation": {"angle": 22.5, "axis": "x", "origin": [7, 2, 3]},
			"faces": {
				"north": {"uv": [3.25, 7.5, 3.5, 8.25], "texture": "#0"},
				"east": {"uv": [3, 6.75, 3.5, 7.5], "texture": "#0"},
				"south": {"uv": [7.5, 3.75, 7.75, 4.5], "texture": "#0"},
				"west": {"uv": [5.75, 6.75, 6.25, 7.5], "texture": "#0"},
				"up": {"uv": [7.25, 8.25, 7, 7.75], "texture": "#0"},
				"down": {"uv": [7.5, 7.75, 7.25, 8.25], "texture": "#0"}
			}
		},
		{
			"from": [8.7, 2, 3],
			"to": [9.5, 5, 5],
			"rotation": {"angle": 22.5, "axis": "x", "origin": [9.2, 2, 3]},
			"faces": {
				"north": {"uv": [3, 7.5, 3.25, 8.25], "texture": "#0"},
				"east": {"uv": [2, 6.75, 2.5, 7.5], "texture": "#0"},
				"south": {"uv": [7.5, 3, 7.75, 3.75], "texture": "#0"},
				"west": {"uv": [2.5, 6.75, 3, 7.5], "texture": "#0"},
				"up": {"uv": [6.5, 8.25, 6.25, 7.75], "texture": "#0"},
				"down": {"uv": [7, 7.75, 6.75, 8.25], "texture": "#0"}
			}
		},
		{
			"from": [8.7, 2, 4.2],
			"to": [9.5, 4.8, 11.8],
			"rotation": {"angle": 0, "axis": "y", "origin": [9.2, 1, 7]},
			"faces": {
				"north": {"uv": [2.25, 7.5, 2.5, 8.25], "texture": "#0"},
				"east": {"uv": [4, 1.5, 6, 2.25], "texture": "#0"},
				"south": {"uv": [7.5, 2.25, 7.75, 3], "texture": "#0"},
				"west": {"uv": [4.25, 2.25, 6.25, 3], "texture": "#0"},
				"up": {"uv": [4, 8.5, 3.75, 6.5], "texture": "#0"},
				"down": {"uv": [6.75, 6.5, 6.5, 8.5], "texture": "#0"}
			}
		},
		{
			"from": [6.5, 4.8, 6.7],
			"to": [7.3, 6.1, 9.3],
			"rotation": {"angle": -22.5, "axis": "z", "origin": [6.5, 4.8, 7]},
			"faces": {
				"north": {"uv": [8.25, 7, 8.5, 7.25], "texture": "#0"},
				"east": {"uv": [5.75, 7.5, 6.5, 7.75], "texture": "#0"},
				"south": {"uv": [7.25, 8.25, 7.5, 8.5], "texture": "#0"},
				"west": {"uv": [7.5, 7, 8.25, 7.25], "texture": "#0"},
				"up": {"uv": [7.75, 8, 7.5, 7.25], "texture": "#0"},
				"down": {"uv": [0.75, 7.75, 0.5, 8.5], "texture": "#0"}
			}
		},
		{
			"from": [6.5, 4.8, 9.3],
			"to": [7.3, 5.6, 10.9],
			"rotation": {"angle": -22.5, "axis": "z", "origin": [6.5, 4.8, 9.6]},
			"faces": {
				"north": {"uv": [8.25, 7.25, 8.5, 7.5], "texture": "#0"},
				"east": {"uv": [7.75, 4.25, 8.25, 4.5], "texture": "#0"},
				"south": {"uv": [8.25, 7.75, 8.5, 8], "texture": "#0"},
				"west": {"uv": [7.75, 7.25, 8.25, 7.5], "texture": "#0"},
				"up": {"uv": [8, 8, 7.75, 7.5], "texture": "#0"},
				"down": {"uv": [0.25, 8, 0, 8.5], "texture": "#0"}
			}
		},
		{
			"from": [6.5, 4.8, 5.1],
			"to": [7.3, 5.6, 6.7],
			"rotation": {"angle": -22.5, "axis": "z", "origin": [6.5, 4.8, 5.4]},
			"faces": {
				"north": {"uv": [8, 8.25, 8.25, 8.5], "texture": "#0"},
				"east": {"uv": [8, 0, 8.5, 0.25], "texture": "#0"},
				"south": {"uv": [8.25, 8, 8.5, 8.25], "texture": "#0"},
				"west": {"uv": [8, 1, 8.5, 1.25], "texture": "#0"},
				"up": {"uv": [8.25, 4.25, 8, 3.75], "texture": "#0"},
				"down": {"uv": [7.75, 8, 7.5, 8.5], "texture": "#0"}
			}
		},
		{
			"from": [8.7, 4.8, 5.1],
			"to": [9.5, 5.6, 6.7],
			"rotation": {"angle": 22.5, "axis": "z", "origin": [9.5, 4.8, 5.4]},
			"faces": {
				"north": {"uv": [0.75, 8.5, 1, 8.75], "texture": "#0"},
				"east": {"uv": [8.25, 0.25, 8.75, 0.5], "texture": "#0"},
				"south": {"uv": [8.5, 0.75, 8.75, 1], "texture": "#0"},
				"west": {"uv": [8.25, 0.5, 8.75, 0.75], "texture": "#0"},
				"up": {"uv": [0.5, 8.75, 0.25, 8.25], "texture": "#0"},
				"down": {"uv": [1.5, 8.25, 1.25, 8.75], "texture": "#0"}
			}
		},
		{
			"from": [8.7, 4.8, 6.7],
			"to": [9.5, 6.1, 9.3],
			"rotation": {"angle": 22.5, "axis": "z", "origin": [9.5, 4.8, 7]},
			"faces": {
				"north": {"uv": [8.5, 0, 8.75, 0.25], "texture": "#0"},
				"east": {"uv": [7.75, 2.25, 8.5, 2.5], "texture": "#0"},
				"south": {"uv": [0.5, 8.5, 0.75, 8.75], "texture": "#0"},
				"west": {"uv": [7.75, 2.5, 8.5, 2.75], "texture": "#0"},
				"up": {"uv": [1, 8.5, 0.75, 7.75], "texture": "#0"},
				"down": {"uv": [1.25, 7.75, 1, 8.5], "texture": "#0"}
			}
		},
		{
			"from": [8.7, 4.8, 9.3],
			"to": [9.5, 5.6, 10.9],
			"rotation": {"angle": 22.5, "axis": "z", "origin": [9.5, 4.8, 9.6]},
			"faces": {
				"north": {"uv": [8.25, 8.25, 8.5, 8.5], "texture": "#0"},
				"east": {"uv": [8, 1.25, 8.5, 1.5], "texture": "#0"},
				"south": {"uv": [0, 8.5, 0.25, 8.75], "texture": "#0"},
				"west": {"uv": [8, 7.5, 8.5, 7.75], "texture": "#0"},
				"up": {"uv": [8, 8.5, 7.75, 8], "texture": "#0"},
				"down": {"uv": [8.25, 7.75, 8, 8.25], "texture": "#0"}
			}
		},
		{
			"from": [8.7, 1, 3],
			"to": [9.5, 2, 13],
			"rotation": {"angle": 0, "axis": "y", "origin": [9, 1, 7]},
			"faces": {
				"north": {"uv": [8.25, 3.75, 8.5, 4], "texture": "#0"},
				"east": {"uv": [6.5, 6, 9, 6.25], "texture": "#0"},
				"south": {"uv": [8.25, 4, 8.5, 4.25], "texture": "#0"},
				"west": {"uv": [6.5, 6.25, 9, 6.5], "texture": "#0"},
				"up": {"uv": [5.75, 8.5, 5.5, 6], "texture": "#0"},
				"down": {"uv": [3.75, 6.5, 3.5, 9], "texture": "#0"}
			}
		},
		{
			"from": [4.5, 0, 5.5],
			"to": [11.5, 2.7, 10.5],
			"rotation": {"angle": 0, "axis": "y", "origin": [7, 0, 7.5]},
			"faces": {
				"north": {"uv": [4.25, 4.5, 6, 5.25], "texture": "#0"},
				"east": {"uv": [6.25, 2.25, 7.5, 3], "texture": "#0"},
				"south": {"uv": [2.5, 5, 4.25, 5.75], "texture": "#0"},
				"west": {"uv": [6.25, 3, 7.5, 3.75], "texture": "#0"},
				"up": {"uv": [3.25, 1.25, 1.5, 0], "texture": "#0"},
				"down": {"uv": [3.25, 1.25, 1.5, 2.5], "texture": "#0"}
			}
		},
		{
			"from": [5, 0, 5],
			"to": [11, 3.2, 11],
			"rotation": {"angle": 0, "axis": "y", "origin": [7, 0, 7.5]},
			"faces": {
				"north": {"uv": [0, 5, 1.5, 5.75], "texture": "#0"},
				"east": {"uv": [4.25, 5.25, 5.75, 6], "texture": "#0"},
				"south": {"uv": [0, 5.75, 1.5, 6.5], "texture": "#0"},
				"west": {"uv": [2.5, 5.75, 4, 6.5], "texture": "#0"},
				"up": {"uv": [1.5, 1.5, 0, 0], "texture": "#0"},
				"down": {"uv": [1.5, 1.5, 0, 3], "texture": "#0"}
			}
		},
		{
			"from": [5.9, 0, 4.2],
			"to": [10.1, 3.4, 11.8],
			"rotation": {"angle": 0, "axis": "y", "origin": [7, 0, 7.5]},
			"faces": {
				"north": {"uv": [6.25, 3.75, 7.25, 4.5], "texture": "#0"},
				"east": {"uv": [4.25, 3, 6.25, 3.75], "texture": "#0"},
				"south": {"uv": [0, 6.5, 1, 7.25], "texture": "#0"},
				"west": {"uv": [4.25, 3.75, 6.25, 4.5], "texture": "#0"},
				"up": {"uv": [3.5, 4.5, 2.5, 2.5], "texture": "#0"},
				"down": {"uv": [1, 3, 0, 5], "texture": "#0"}
			}
		},
		{
			"from": [6.75, 3.4, 5.25],
			"to": [9.25, 3.9, 10.75],
			"rotation": {"angle": 0, "axis": "y", "origin": [7, 3.4, 7.5]},
			"faces": {
				"north": {"uv": [7.75, 2.75, 8.5, 3], "texture": "#0"},
				"east": {"uv": [6.75, 6.5, 8.25, 6.75], "texture": "#0"},
				"south": {"uv": [7.75, 3, 8.5, 3.25], "texture": "#0"},
				"west": {"uv": [6.75, 6.75, 8.25, 7], "texture": "#0"},
				"up": {"uv": [6.5, 6.75, 5.75, 5.25], "texture": "#0"},
				"down": {"uv": [6.75, 0, 6, 1.5], "texture": "#0"}
			}
		},
		{
			"from": [7.6, 0.5, 0.5],
			"to": [8.4, 0.75, 1.25],
			"rotation": {"angle": 0, "axis": "y", "origin": [7, 0, 0]},
			"faces": {
				"north": {"uv": [1, 8.5, 1.25, 8.75], "texture": "#0"},
				"east": {"uv": [8.5, 1, 8.75, 1.25], "texture": "#0"},
				"south": {"uv": [8.5, 1.25, 8.75, 1.5], "texture": "#0"},
				"west": {"uv": [1.5, 8.5, 1.75, 8.75], "texture": "#0"},
				"up": {"uv": [2, 8.75, 1.75, 8.5], "texture": "#0"},
				"down": {"uv": [2.25, 8.5, 2, 8.75], "texture": "#0"}
			}
		},
		{
			"from": [7.6, 0.5, 14.75],
			"to": [8.4, 0.75, 15.5],
			"rotation": {"angle": 0, "axis": "y", "origin": [7, 0, 16]},
			"faces": {
				"north": {"uv": [4, 2.25, 4.25, 2.5], "texture": "#0"},
				"east": {"uv": [8.25, 0.75, 8.5, 1], "texture": "#0"},
				"south": {"uv": [1.5, 8.25, 1.75, 8.5], "texture": "#0"},
				"west": {"uv": [1.75, 8.25, 2, 8.5], "texture": "#0"},
				"up": {"uv": [2.25, 8.5, 2, 8.25], "texture": "#0"},
				"down": {"uv": [2.5, 8.25, 2.25, 8.5], "texture": "#0"}
			}
		},
		{
			"from": [6.275, 3.6, 4.625],
			"to": [6.525, 5.1, 5.625],
			"rotation": {"angle": 0, "axis": "y", "origin": [6.4, 4.35, 5.125]},
			"faces": {
				"north": {"uv": [8.5, 2.25, 8.75, 2.75], "texture": "#0"},
				"east": {"uv": [2.5, 8.5, 2.75, 9], "texture": "#0"},
				"south": {"uv": [2.75, 8.5, 3, 9], "texture": "#0"},
				"west": {"uv": [2.25, 8.5, 2.5, 9], "texture": "#0"},
				"up": {"uv": [6, 8.75, 5.75, 8.5], "rotation": 270, "texture": "#0"},
				"down": {"uv": [6.25, 8.5, 6, 8.75], "rotation": 90, "texture": "#0"}
			}
		},
		{
			"from": [6.275, 3.85, 4.375],
			"to": [6.525, 4.85, 5.875],
			"rotation": {"angle": 0, "axis": "y", "origin": [6.4, 4.35, 5.125]},
			"faces": {
				"north": {"uv": [8.5, 6.5, 8.75, 6.75], "texture": "#0"},
				"east": {"uv": [8.5, 3.75, 9, 4], "texture": "#0"},
				"south": {"uv": [6.75, 8.5, 7, 8.75], "texture": "#0"},
				"west": {"uv": [8.5, 3.5, 9, 3.75], "texture": "#0"},
				"up": {"uv": [9, 4.25, 8.5, 4], "rotation": 270, "texture": "#0"},
				"down": {"uv": [9, 4.25, 8.5, 4.5], "rotation": 90, "texture": "#0"}
			}
		},
		{
			"from": [6.275, 3.6, 4.625],
			"to": [6.525, 5.1, 5.625],
			"rotation": {"angle": 45, "axis": "x", "origin": [6.4, 4.35, 5.125]},
			"faces": {
				"north": {"uv": [9, 3.25, 8.5, 3.5], "rotation": 270, "texture": "#0"},
				"east": {"uv": [3, 8.5, 3.5, 8.75], "rotation": 270, "texture": "#0"},
				"south": {"uv": [9, 3.25, 8.5, 3], "rotation": 270, "texture": "#0"},
				"west": {"uv": [8.5, 2.75, 9, 3], "rotation": 90, "texture": "#0"},
				"up": {"uv": [6.25, 8.5, 6.5, 8.75], "rotation": 180, "texture": "#0"},
				"down": {"uv": [6.5, 8.5, 6.75, 8.75], "texture": "#0"}
			}
		},
		{
			"from": [6.275, 3.6, 4.625],
			"to": [6.525, 5.1, 5.625],
			"rotation": {"angle": -45, "axis": "x", "origin": [6.4, 4.35, 5.125]},
			"faces": {
				"north": {"uv": [5, 8.5, 5.25, 9], "texture": "#0"},
				"east": {"uv": [5.25, 8.5, 5.5, 9], "texture": "#0"},
				"south": {"uv": [5.5, 8.5, 5.75, 9], "texture": "#0"},
				"west": {"uv": [3.75, 8.5, 4, 9], "texture": "#0"},
				"up": {"uv": [8.75, 7, 8.5, 6.75], "rotation": 270, "texture": "#0"},
				"down": {"uv": [7.25, 8.5, 7, 8.75], "rotation": 90, "texture": "#0"}
			}
		}
	],
	"display": {
		"head": {
			"rotation": [1.5, -90, 0],
			"translation": [0, 23, 0.5],
			"scale": [2.21, 2.31, 2.2]
		}
	},
	"groups": [
		0,
		1,
		2,
		3,
		4,
		5,
		6,
		7,
		8,
		9,
		10,
		11,
		12,
		13,
		14,
		15,
		16,
		17,
		18,
		19,
		20,
		21,
		22,
		23,
		24,
		25,
		26,
		27,
		{
			"name": "group",
			"origin": [2.5, 1.25, 1.125],
			"color": 0,
			"children": [28, 29, 30, 31]
		}
	]
}