{
	"credit": "Made with Blockbench",
	"parent": "carved_pumpkin",
	"texture_size": [64, 64],
	"textures": {
		"0": "minecraft:minepack/explorerhat",
		"particle": "minecraft:minepack/explorerhat"
	},
	"elements": [
		{
			"from": [2, 0, 0],
			"to": [14, 1, 14],
			"faces": {
				"north": {"uv": [6.25, 4.25, 9.25, 4.5], "texture": "#0"},
				"east": {"uv": [6, 3, 9.5, 3.25], "texture": "#0"},
				"south": {"uv": [6.25, 4.5, 9.25, 4.75], "texture": "#0"},
				"west": {"uv": [6, 3.25, 9.5, 3.5], "texture": "#0"},
				"up": {"uv": [3, 3.5, 0, 0], "texture": "#0"},
				"down": {"uv": [6, 0, 3, 3.5], "texture": "#0"}
			}
		},
		{
			"from": [3.5, 2.7, 2.5],
			"to": [12.5, 2.7, 11.5],
			"rotation": {"angle": 0, "axis": "y", "origin": [0, 2.2, 0.5]},
			"faces": {
				"north": {"uv": [0, 0, 2.25, 0], "texture": "#0"},
				"east": {"uv": [0, 0, 2.25, 0], "texture": "#0"},
				"south": {"uv": [0, 0, 2.25, 0], "texture": "#0"},
				"west": {"uv": [0, 0, 2.25, 0], "texture": "#0"},
				"up": {"uv": [2.25, 5.75, 0, 3.5], "texture": "#0"},
				"down": {"uv": [4.5, 3.5, 2.25, 5.75], "texture": "#0"}
			}
		},
		{
			"from": [5, 4.2, 4],
			"to": [11, 4.2, 10],
			"rotation": {"angle": 0, "axis": "y", "origin": [0, 3.7, 0.5]},
			"faces": {
				"north": {"uv": [0, 0, 1.5, 0], "texture": "#0"},
				"east": {"uv": [0, 0, 1.5, 0], "texture": "#0"},
				"south": {"uv": [0, 0, 1.5, 0], "texture": "#0"},
				"west": {"uv": [0, 0, 1.5, 0], "texture": "#0"},
				"up": {"uv": [6, 5, 4.5, 3.5], "texture": "#0"},
				"down": {"uv": [6, 5, 4.5, 6.5], "texture": "#0"}
			}
		},
		{
			"from": [14, 0, 0],
			"to": [15, 1, 14],
			"rotation": {"angle": 22.5, "axis": "z", "origin": [14, 0, 0]},
			"faces": {
				"north": {"uv": [4.25, 6.25, 4.5, 6.5], "texture": "#0"},
				"east": {"uv": [6, 3.5, 9.5, 3.75], "texture": "#0"},
				"south": {"uv": [6, 7.75, 6.25, 8], "texture": "#0"},
				"west": {"uv": [6, 3.75, 9.5, 4], "texture": "#0"},
				"up": {"uv": [6.25, 7.5, 6, 4], "texture": "#0"},
				"down": {"uv": [0.25, 6.25, 0, 9.75], "texture": "#0"}
			}
		},
		{
			"from": [1, 0, 0],
			"to": [2, 1, 14],
			"rotation": {"angle": -22.5, "axis": "z", "origin": [2, 0, 0]},
			"faces": {
				"north": {"uv": [6.25, 7.75, 6.5, 8], "texture": "#0"},
				"east": {"uv": [0.25, 6.25, 3.75, 6.5], "texture": "#0"},
				"south": {"uv": [7.75, 6.25, 8, 6.5], "texture": "#0"},
				"west": {"uv": [6.25, 4, 9.75, 4.25], "texture": "#0"},
				"up": {"uv": [4, 9.75, 3.75, 6.25], "texture": "#0"},
				"down": {"uv": [4.25, 6.25, 4, 9.75], "texture": "#0"}
			}
		},
		{
			"from": [3.5, 0.25, 1.2],
			"to": [12.5, 2.25, 2.2],
			"rotation": {"angle": 22.5, "axis": "x", "origin": [3.5, -0.75, 3.2]},
			"faces": {
				"north": {"uv": [0, 5.75, 2.25, 6.25], "texture": "#0"},
				"east": {"uv": [0.25, 7.75, 0.5, 8.25], "texture": "#0"},
				"south": {"uv": [2.25, 5.75, 4.5, 6.25], "texture": "#0"},
				"west": {"uv": [0.5, 7.75, 0.75, 8.25], "texture": "#0"},
				"up": {"uv": [2.5, 7.25, 0.25, 7], "texture": "#0"},
				"down": {"uv": [2.5, 7.25, 0.25, 7.5], "texture": "#0"}
			}
		},
		{
			"from": [9.7, 0.35, 1.1],
			"to": [11.8, 1.45, 1.1],
			"rotation": {"angle": 22.5, "axis": "x", "origin": [3.7, -0.65, 3.2]},
			"faces": {
				"north": {"uv": [4.75, 7.5, 5.25, 7.75], "texture": "#0"},
				"east": {"uv": [0, 0, 0, 0.25], "texture": "#0"},
				"south": {"uv": [5.25, 7.5, 5.75, 7.75], "texture": "#0"},
				"west": {"uv": [0, 0, 0, 0.25], "texture": "#0"},
				"up": {"uv": [0.5, 0, 0, 0], "texture": "#0"},
				"down": {"uv": [0.5, 0, 0, 0], "texture": "#0"}
			}
		},
		{
			"from": [3.5, 0.25, 11.8],
			"to": [12.5, 2.25, 12.8],
			"rotation": {"angle": -22.5, "axis": "x", "origin": [3.5, -0.75, 10.8]},
			"faces": {
				"north": {"uv": [6, 0, 8.25, 0.5], "texture": "#0"},
				"east": {"uv": [0.75, 7.75, 1, 8.25], "texture": "#0"},
				"south": {"uv": [6, 0.5, 8.25, 1], "texture": "#0"},
				"west": {"uv": [1, 7.75, 1.25, 8.25], "texture": "#0"},
				"up": {"uv": [8.5, 7.5, 6.25, 7.25], "texture": "#0"},
				"down": {"uv": [2.5, 7.5, 0.25, 7.75], "texture": "#0"}
			}
		},
		{
			"from": [2.2, 0.25, 2.5],
			"to": [3.2, 2.25, 11.5],
			"rotation": {"angle": -22.5, "axis": "z", "origin": [4.2, -0.75, 2.5]},
			"faces": {
				"north": {"uv": [1.25, 7.75, 1.5, 8.25], "texture": "#0"},
				"east": {"uv": [6, 1, 8.25, 1.5], "texture": "#0"},
				"south": {"uv": [1.5, 7.75, 1.75, 8.25], "texture": "#0"},
				"west": {"uv": [6, 1.5, 8.25, 2], "texture": "#0"},
				"up": {"uv": [3.5, 8.75, 3.25, 6.5], "texture": "#0"},
				"down": {"uv": [3.75, 6.5, 3.5, 8.75], "texture": "#0"}
			}
		},
		{
			"from": [12.8, 0.25, 2.5],
			"to": [13.8, 2.25, 11.5],
			"rotation": {"angle": 22.5, "axis": "z", "origin": [11.8, -0.75, 2.5]},
			"faces": {
				"north": {"uv": [1.75, 7.75, 2, 8.25], "texture": "#0"},
				"east": {"uv": [6, 2, 8.25, 2.5], "texture": "#0"},
				"south": {"uv": [2, 7.75, 2.25, 8.25], "texture": "#0"},
				"west": {"uv": [6, 2.5, 8.25, 3], "texture": "#0"},
				"up": {"uv": [6, 8.75, 5.75, 6.5], "texture": "#0"},
				"down": {"uv": [2.75, 7, 2.5, 9.25], "texture": "#0"}
			}
		},
		{
			"from": [5, 1.75, 2.7],
			"to": [11, 3.75, 3.7],
			"rotation": {"angle": 22.5, "axis": "x", "origin": [3.5, 0.75, 4.7]},
			"faces": {
				"north": {"uv": [4.25, 6.5, 5.75, 7], "texture": "#0"},
				"east": {"uv": [5.5, 7.75, 5.75, 8.25], "texture": "#0"},
				"south": {"uv": [6.25, 6.75, 7.75, 7.25], "texture": "#0"},
				"west": {"uv": [7.75, 5.75, 8, 6.25], "texture": "#0"},
				"up": {"uv": [7.5, 7.75, 6, 7.5], "texture": "#0"},
				"down": {"uv": [9, 7.5, 7.5, 7.75], "texture": "#0"}
			}
		},
		{
			"from": [3.7, 1.75, 4],
			"to": [4.7, 3.75, 10],
			"rotation": {"angle": -22.5, "axis": "z", "origin": [5.7, 0.75, 2.5]},
			"faces": {
				"north": {"uv": [5.25, 7.75, 5.5, 8.25], "texture": "#0"},
				"east": {"uv": [0.25, 6.5, 1.75, 7], "texture": "#0"},
				"south": {"uv": [7.75, 5.25, 8, 5.75], "texture": "#0"},
				"west": {"uv": [1.75, 6.5, 3.25, 7], "texture": "#0"},
				"up": {"uv": [4.5, 9, 4.25, 7.5], "texture": "#0"},
				"down": {"uv": [4.75, 7.5, 4.5, 9], "texture": "#0"}
			}
		},
		{
			"from": [5, 1.75, 10.3],
			"to": [11, 3.75, 11.3],
			"rotation": {"angle": -22.5, "axis": "x", "origin": [3.5, 0.75, 9.3]},
			"faces": {
				"north": {"uv": [6.25, 5.75, 7.75, 6.25], "texture": "#0"},
				"east": {"uv": [7.75, 4.75, 8, 5.25], "texture": "#0"},
				"south": {"uv": [6.25, 6.25, 7.75, 6.75], "texture": "#0"},
				"west": {"uv": [5, 7.75, 5.25, 8.25], "texture": "#0"},
				"up": {"uv": [5.75, 7.25, 4.25, 7], "texture": "#0"},
				"down": {"uv": [5.75, 7.25, 4.25, 7.5], "texture": "#0"}
			}
		},
		{
			"from": [11.3, 1.75, 4],
			"to": [12.3, 3.75, 10],
			"rotation": {"angle": 22.5, "axis": "z", "origin": [10.3, 0.75, 2.5]},
			"faces": {
				"north": {"uv": [2.25, 7.75, 2.5, 8.25], "texture": "#0"},
				"east": {"uv": [6.25, 4.75, 7.75, 5.25], "texture": "#0"},
				"south": {"uv": [4.75, 7.75, 5, 8.25], "texture": "#0"},
				"west": {"uv": [6.25, 5.25, 7.75, 5.75], "texture": "#0"},
				"up": {"uv": [3, 8.5, 2.75, 7], "texture": "#0"},
				"down": {"uv": [3.25, 7, 3, 8.5], "texture": "#0"}
			}
		}
	],
	"display": {
		"head": {
			"rotation": [3, 1, 3],
			"translation": [-0.75, 15.25, 2],
			"scale": [1.45, 1.45, 1.45]
		}
	}
}