{
	"credit": "Made with Blockbench",
	"parent": "crossbow",
	"texture_size": [32, 32],
	"textures": {
		"1": "minecraft:minepack/musket"
	},
	"elements": [
		{
			"from": [0.3, 0, 1],
			"to": [2.7, 2, 16],
			"faces": {
				"north": {"uv": [11, 3, 12, 4], "texture": "#1"},
				"east": {"uv": [2, 2, 9.5, 3], "texture": "#1"},
				"south": {"uv": [11, 8, 12, 9], "texture": "#1"},
				"west": {"uv": [2, 3, 9.5, 4], "texture": "#1"},
				"up": {"uv": [3, 11.5, 2, 4], "texture": "#1"},
				"down": {"uv": [4, 4, 3, 11.5], "texture": "#1"}
			}
		},
		{
			"from": [1.2, -1.1, 13],
			"to": [1.8, -0.9, 15],
			"rotation": {"angle": 0, "axis": "x", "origin": [1, -1.1, 14.5]},
			"faces": {
				"north": {"uv": [12.5, 9, 13, 9.5], "texture": "#1"},
				"east": {"uv": [5, 12.5, 6, 13], "texture": "#1"},
				"south": {"uv": [12.5, 9.5, 13, 10], "texture": "#1"},
				"west": {"uv": [6, 12.5, 7, 13], "texture": "#1"},
				"up": {"uv": [4, 13.5, 3.5, 12.5], "texture": "#1"},
				"down": {"uv": [13, 6, 12.5, 7], "texture": "#1"}
			}
		},
		{
			"from": [1.2, -0.9, 13],
			"to": [1.8, 0.1, 13.2],
			"rotation": {"angle": 0, "axis": "x", "origin": [1, -0.9, 14.5]},
			"faces": {
				"north": {"uv": [12.5, 11.5, 13, 12], "texture": "#1"},
				"east": {"uv": [12, 12.5, 12.5, 13], "texture": "#1"},
				"south": {"uv": [12.5, 12.5, 13, 13], "texture": "#1"},
				"west": {"uv": [13, 0.5, 13.5, 1], "texture": "#1"},
				"up": {"uv": [13.5, 1.5, 13, 1], "texture": "#1"},
				"down": {"uv": [3, 13, 2.5, 13.5], "texture": "#1"}
			}
		},
		{
			"from": [1.2, -0.9, 14.8],
			"to": [1.8, 0.1, 15],
			"rotation": {"angle": 0, "axis": "x", "origin": [1, -0.9, 16.3]},
			"faces": {
				"north": {"uv": [3, 13, 3.5, 13.5], "texture": "#1"},
				"east": {"uv": [4, 13, 4.5, 13.5], "texture": "#1"},
				"south": {"uv": [13, 4, 13.5, 4.5], "texture": "#1"},
				"west": {"uv": [4.5, 13, 5, 13.5], "texture": "#1"},
				"up": {"uv": [13.5, 5, 13, 4.5], "texture": "#1"},
				"down": {"uv": [5.5, 13, 5, 13.5], "texture": "#1"}
			}
		},
		{
			"from": [1.6, -1.3, 13.9],
			"to": [1.8, -0.3, 14.1],
			"rotation": {"angle": 22.5, "axis": "x", "origin": [1, -0.7, 15.3]},
			"faces": {
				"north": {"uv": [10, 12.5, 10.5, 13], "texture": "#1"},
				"east": {"uv": [12.5, 10, 13, 10.5], "texture": "#1"},
				"south": {"uv": [10.5, 12.5, 11, 13], "texture": "#1"},
				"west": {"uv": [12.5, 10.5, 13, 11], "texture": "#1"},
				"up": {"uv": [11.5, 13, 11, 12.5], "texture": "#1"},
				"down": {"uv": [12, 12.5, 11.5, 13], "texture": "#1"}
			}
		},
		{
			"from": [0.5, 0.2, -9],
			"to": [2.5, 1.2, 1],
			"rotation": {"angle": 0, "axis": "y", "origin": [0, -0.8, -15]},
			"faces": {
				"north": {"uv": [12.5, 1.5, 13.5, 2], "texture": "#1"},
				"east": {"uv": [9.5, 2, 14.5, 2.5], "texture": "#1"},
				"south": {"uv": [2.5, 12.5, 3.5, 13], "texture": "#1"},
				"west": {"uv": [9.5, 2.5, 14.5, 3], "texture": "#1"},
				"up": {"uv": [8.5, 9, 7.5, 4], "texture": "#1"},
				"down": {"uv": [5, 8, 4, 13], "texture": "#1"}
			}
		},
		{
			"from": [0.3, 2, 13],
			"to": [2.7, 3, 14],
			"rotation": {"angle": 0, "axis": "y", "origin": [0, 2, 0]},
			"faces": {
				"north": {"uv": [9.5, 9, 10.5, 9.5], "texture": "#1"},
				"east": {"uv": [8.5, 12.5, 9, 13], "texture": "#1"},
				"south": {"uv": [11, 12, 12, 12.5], "texture": "#1"},
				"west": {"uv": [12.5, 8.5, 13, 9], "texture": "#1"},
				"up": {"uv": [13, 12.5, 12, 12], "texture": "#1"},
				"down": {"uv": [13.5, 0, 12.5, 0.5], "texture": "#1"}
			}
		},
		{
			"from": [0.2, 1, 0.9],
			"to": [2.8, 3.1, 1.9],
			"rotation": {"angle": 0, "axis": "y", "origin": [0, 2, 0.9]},
			"faces": {
				"north": {"uv": [9.5, 3, 11, 4], "texture": "#1"},
				"east": {"uv": [9, 12, 9.5, 13], "texture": "#1"},
				"south": {"uv": [9.5, 8, 11, 9], "texture": "#1"},
				"west": {"uv": [9.5, 12, 10, 13], "texture": "#1"},
				"up": {"uv": [12.5, 12, 11, 11.5], "texture": "#1"},
				"down": {"uv": [13, 11, 11.5, 11.5], "texture": "#1"}
			}
		},
		{
			"from": [0.2, 1, -8],
			"to": [2.8, 3.1, -7],
			"rotation": {"angle": 0, "axis": "y", "origin": [0, 2, -8]},
			"faces": {
				"north": {"uv": [10.5, 7, 12, 8], "texture": "#1"},
				"east": {"uv": [12.5, 0.5, 13, 1.5], "texture": "#1"},
				"south": {"uv": [10, 10.5, 11.5, 11.5], "texture": "#1"},
				"west": {"uv": [2, 12.5, 2.5, 13.5], "texture": "#1"},
				"up": {"uv": [13.5, 3.5, 12, 3], "texture": "#1"},
				"down": {"uv": [13.5, 3.5, 12, 4], "texture": "#1"}
			}
		},
		{
			"from": [0.7, 1.2, -11],
			"to": [2.3, 2.8, 14],
			"rotation": {"angle": 0, "axis": "y", "origin": [-0.5, 1, 0]},
			"faces": {
				"north": {"uv": [2, 11.5, 3, 12.5], "texture": "#1"},
				"east": {"uv": [0, 0, 12.5, 1], "texture": "#1"},
				"south": {"uv": [3, 11.5, 4, 12.5], "texture": "#1"},
				"west": {"uv": [0, 1, 12.5, 2], "texture": "#1"},
				"up": {"uv": [1, 14.5, 0, 2], "texture": "#1"},
				"down": {"uv": [2, 2, 1, 14.5], "texture": "#1"}
			}
		},
		{
			"from": [0.3, 1, 14],
			"to": [2.7, 3, 23],
			"rotation": {"angle": 22.5, "axis": "x", "origin": [1.5, 3, 14]},
			"faces": {
				"north": {"uv": [8, 11.5, 9, 12.5], "texture": "#1"},
				"east": {"uv": [8.5, 4, 13, 5], "texture": "#1"},
				"south": {"uv": [11.5, 9, 12.5, 10], "texture": "#1"},
				"west": {"uv": [8.5, 5, 13, 6], "texture": "#1"},
				"up": {"uv": [6, 12.5, 5, 8], "texture": "#1"},
				"down": {"uv": [7, 8, 6, 12.5], "texture": "#1"}
			}
		},
		{
			"from": [0.3, -2.3, 21.5],
			"to": [2.7, 1.7, 28.5],
			"rotation": {"angle": 0, "axis": "x", "origin": [1.5, -2.3, 21.5]},
			"faces": {
				"north": {"uv": [9.5, 6, 10.5, 8], "texture": "#1"},
				"east": {"uv": [4, 4, 7.5, 6], "texture": "#1"},
				"south": {"uv": [8, 9.5, 9, 11.5], "texture": "#1"},
				"west": {"uv": [4, 6, 7.5, 8], "texture": "#1"},
				"up": {"uv": [9.5, 9.5, 8.5, 6], "texture": "#1"},
				"down": {"uv": [8, 9, 7, 12.5], "texture": "#1"}
			}
		},
		{
			"from": [0.3, -0.3, 18.5],
			"to": [2.7, 1.7, 21.5],
			"rotation": {"angle": -22.5, "axis": "x", "origin": [1.5, 1.7, 21.5]},
			"faces": {
				"north": {"uv": [10, 11.5, 11, 12.5], "texture": "#1"},
				"east": {"uv": [9, 9.5, 10.5, 10.5], "texture": "#1"},
				"south": {"uv": [11.5, 10, 12.5, 11], "texture": "#1"},
				"west": {"uv": [10.5, 6, 12, 7], "texture": "#1"},
				"up": {"uv": [10, 12, 9, 10.5], "texture": "#1"},
				"down": {"uv": [11.5, 9, 10.5, 10.5], "texture": "#1"}
			}
		},
		{
			"from": [0, 1.4, 9.1],
			"to": [0.3, 3.4, 9.7],
			"rotation": {"angle": 0, "axis": "y", "origin": [0, 1.4, 9.1]},
			"faces": {
				"north": {"uv": [7, 12.5, 7.5, 13.5], "texture": "#1"},
				"east": {"uv": [12.5, 7, 13, 8], "texture": "#1"},
				"south": {"uv": [7.5, 12.5, 8, 13.5], "texture": "#1"},
				"west": {"uv": [8, 12.5, 8.5, 13.5], "texture": "#1"},
				"up": {"uv": [13.5, 5.5, 13, 5], "texture": "#1"},
				"down": {"uv": [6, 13, 5.5, 13.5], "texture": "#1"}
			}
		},
		{
			"from": [0, 1.4, 11.1],
			"to": [0.3, 3.4, 11.7],
			"rotation": {"angle": 22.5, "axis": "x", "origin": [0, 1.4, 11.4]},
			"faces": {
				"north": {"uv": [7, 8, 7.5, 9], "texture": "#1"},
				"east": {"uv": [12, 6, 12.5, 7], "texture": "#1"},
				"south": {"uv": [12, 7, 12.5, 8], "texture": "#1"},
				"west": {"uv": [12, 8, 12.5, 9], "texture": "#1"},
				"up": {"uv": [8.5, 9.5, 8, 9], "texture": "#1"},
				"down": {"uv": [13, 8, 12.5, 8.5], "texture": "#1"}
			}
		},
		{
			"from": [0, 2.8, 10.5],
			"to": [0.3, 3.2, 11.1],
			"rotation": {"angle": 22.5, "axis": "x", "origin": [0, 1.4, 10.8]},
			"faces": {
				"north": {"uv": [13, 7.5, 13.5, 8], "texture": "#1"},
				"east": {"uv": [13, 8, 13.5, 8.5], "texture": "#1"},
				"south": {"uv": [8.5, 13, 9, 13.5], "texture": "#1"},
				"west": {"uv": [13, 8.5, 13.5, 9], "texture": "#1"},
				"up": {"uv": [9.5, 13.5, 9, 13], "texture": "#1"},
				"down": {"uv": [13.5, 9, 13, 9.5], "texture": "#1"}
			}
		},
		{
			"from": [0, 2.1, 9.7],
			"to": [0.3, 2.7, 10.3],
			"rotation": {"angle": 0, "axis": "y", "origin": [0, 1.4, 9.7]},
			"faces": {
				"north": {"uv": [9.5, 13, 10, 13.5], "texture": "#1"},
				"east": {"uv": [13, 9.5, 13.5, 10], "texture": "#1"},
				"south": {"uv": [10, 13, 10.5, 13.5], "texture": "#1"},
				"west": {"uv": [13, 10, 13.5, 10.5], "texture": "#1"},
				"up": {"uv": [11, 13.5, 10.5, 13], "texture": "#1"},
				"down": {"uv": [13.5, 10.5, 13, 11], "texture": "#1"}
			}
		},
		{
			"from": [0.2, 0.8, 8.3],
			"to": [0.5, 1.7, 12.5],
			"rotation": {"angle": 0, "axis": "y", "origin": [0.2, 0.4, 9.7]},
			"faces": {
				"north": {"uv": [13, 5.5, 13.5, 6], "texture": "#1"},
				"east": {"uv": [6, 13, 6.5, 13.5], "texture": "#1"},
				"south": {"uv": [13, 6, 13.5, 6.5], "texture": "#1"},
				"west": {"uv": [6.5, 13, 7, 13.5], "texture": "#1"},
				"up": {"uv": [13.5, 7, 13, 6.5], "texture": "#1"},
				"down": {"uv": [13.5, 7, 13, 7.5], "texture": "#1"}
			}
		}
	],
	"display": {
		"thirdperson_righthand": {
			"translation": [4.75, 6, -3],
			"scale": [0.65, 0.65, 0.65]
		},
		"thirdperson_lefthand": {
			"translation": [-3.5, 5.75, -3],
			"scale": [0.65, 0.65, 0.65]
		},
		"firstperson_righthand": {
			"rotation": [0, -8, 0],
			"translation": [12, 9.25, -4.25]
		},
		"firstperson_lefthand": {
			"rotation": [0, -12, 0],
			"translation": [5, 7, -6.75]
		},
		"ground": {
			"translation": [6.75, 4.25, 0]
		},
		"gui": {
			"rotation": [34, 132, 0],
			"translation": [-2.25, 2.5, 0],
			"scale": [0.45, 0.45, 0.45]
		},
		"fixed": {
			"rotation": [0, -90, 0],
			"translation": [0.25, 3, 3.75],
			"scale": [0.45, 0.45, 0.45]
		}
	}
}