{
  "parent": "minecraft:item/generated",
  "textures": {
    "layer0": "minecraft:item/carved_pumpkin"
  },
  "overrides": [
    {
      "predicate": {
        "custom_model_data": 0
      },
      "model": "minepack/carved_pumpkin"
    },
    {
      "predicate": {
        "custom_model_data": 1
      },
      "model": "minepack/test_hat"
    },
    {
      "predicate": {
        "custom_model_data": 2
      },
      "model": "minepack/explorerhat"
    },
    {
      "predicate": {
        "custom_model_data": 3
      },
      "model": "minepack/bicorn"
    }
  ]
}